[
    {
        "key": "dbln",
        "value": "%7B%2261565063840953%22%3A%228YY7aAVk%22%2C%2261564995144568%22%3A%22hHxOwQlM%22%2C%2261566115496825%22%3A%22uz3V8GOJ%22%2C%2261568486872520%22%3A%22YE9f3ZoP%22%2C%2261550832196307%22%3A%22DWzNXVtP%22%7D",
        "domain": "facebook.com",
        "path": "/login/device-based/",
        "hostOnly": false,
        "creation": "2024-12-03T17:12:18.954Z",
        "lastAccessed": "2024-12-03T17:12:18.955Z"
    },
    {
        "key": "datr",
        "value": "gtPGZourld32Po79EUxUfnCn",
        "domain": "facebook.com",
        "path": "/",
        "hostOnly": false,
        "creation": "2024-12-03T17:12:18.955Z",
        "lastAccessed": "2024-12-03T17:12:18.955Z"
    },
    {
        "key": "sb",
        "value": "gtPGZjQZctU12Q7Bq4jZaPBs",
        "domain": "facebook.com",
        "path": "/",
        "hostOnly": false,
        "creation": "2024-12-03T17:12:18.955Z",
        "lastAccessed": "2024-12-03T17:12:18.955Z"
    },
    {
        "key": "ps_l",
        "value": "1",
        "domain": "facebook.com",
        "path": "/",
        "hostOnly": false,
        "creation": "2024-12-03T17:12:18.955Z",
        "lastAccessed": "2024-12-03T17:12:18.955Z"
    },
    {
        "key": "ps_n",
        "value": "1",
        "domain": "facebook.com",
        "path": "/",
        "hostOnly": false,
        "creation": "2024-12-03T17:12:18.955Z",
        "lastAccessed": "2024-12-03T17:12:18.955Z"
    },
    {
        "key": "vpd",
        "value": "v1%3B851x424x1.445365309715271",
        "domain": "facebook.com",
        "path": "/",
        "hostOnly": false,
        "creation": "2024-12-03T17:12:18.955Z",
        "lastAccessed": "2024-12-03T17:12:18.955Z"
    },
    {
        "key": "wd",
        "value": "499x1001",
        "domain": "facebook.com",
        "path": "/",
        "hostOnly": false,
        "creation": "2024-12-03T17:12:18.955Z",
        "lastAccessed": "2024-12-03T17:12:18.955Z"
    },
    {
        "key": "c_user",
        "value": "61550832196307",
        "domain": "facebook.com",
        "path": "/",
        "hostOnly": false,
        "creation": "2024-12-03T17:12:18.955Z",
        "lastAccessed": "2024-12-03T17:12:18.955Z"
    },
    {
        "key": "fr",
        "value": "0daLLOSG2dmr6YAwb.AWVmAZ5kNlq53jp6qQ-vQCLDKfw.BmxtOC..AAA.0.0.BnTPJd.AWXGdzV0LRc",
        "domain": "facebook.com",
        "path": "/",
        "hostOnly": false,
        "creation": "2024-12-03T17:12:18.955Z",
        "lastAccessed": "2024-12-03T17:12:18.955Z"
    },
    {
        "key": "xs",
        "value": "38%3AuI18WG2ZfIfyYA%3A2%3A1733096030%3A-1%3A7717",
        "domain": "facebook.com",
        "path": "/",
        "hostOnly": false,
        "creation": "2024-12-03T17:12:18.955Z",
        "lastAccessed": "2024-12-03T17:12:18.955Z"
    },
    {
        "key": "locale",
        "value": "en_US",
        "domain": "facebook.com",
        "path": "/",
        "hostOnly": false,
        "creation": "2024-12-03T17:12:18.955Z",
        "lastAccessed": "2024-12-03T17:12:18.955Z"
    },
    {
        "key": "fbl_st",
        "value": "101436280%3BT%3A28887431",
        "domain": "facebook.com",
        "path": "/",
        "hostOnly": false,
        "creation": "2024-12-03T17:12:18.955Z",
        "lastAccessed": "2024-12-03T17:12:18.955Z"
    },
    {
        "key": "wl_cbv",
        "value": "v2%3Bclient_version%3A2690%3Btimestamp%3A1733245869",
        "domain": "facebook.com",
        "path": "/",
        "hostOnly": false,
        "creation": "2024-12-03T17:12:18.955Z",
        "lastAccessed": "2024-12-03T17:12:18.955Z"
    }
]